model_id,L,k,rank_HZ,rank_HX,seed,hash,z_checks_csv,x_checks_csv,z_rows,x_rows
L10_model_01,10,4,998,998,2027031000,58965d709f2f3c4ce3f4e4472e27da28e7ae054d,L10/L10_model_01/z_checks.csv,L10/L10_model_01/x_checks.csv,1000,1000
L10_model_02,10,4,998,998,2027031001,bec7db18bae000dd75c58f9b610ff0e86860fb0a,L10/L10_model_02/z_checks.csv,L10/L10_model_02/x_checks.csv,1000,1000
L10_model_03,10,4,998,998,2027031002,68ab0f7a9d5ad257e0edbfce8375a099c5c4a63b,L10/L10_model_03/z_checks.csv,L10/L10_model_03/x_checks.csv,1000,1000
L10_model_04,10,4,998,998,2027031003,a15e8be9099ddec8262f7cd2fc9703d0cee7bf6d,L10/L10_model_04/z_checks.csv,L10/L10_model_04/x_checks.csv,1000,1000
L10_model_05,10,4,998,998,2027031004,188007d3bbd985a02d5f9393beea8d38c7a17ddf,L10/L10_model_05/z_checks.csv,L10/L10_model_05/x_checks.csv,1000,1000
L10_model_06,10,4,998,998,2027031005,32b4f8408573509cc1bdcaa521fc1a1bfe781f9b,L10/L10_model_06/z_checks.csv,L10/L10_model_06/x_checks.csv,1000,1000
L10_model_07,10,4,998,998,2027031006,9bfa4b52f267397264995594e85c7d18513301c5,L10/L10_model_07/z_checks.csv,L10/L10_model_07/x_checks.csv,1000,1000
L10_model_08,10,4,998,998,2027031008,16065c412715b2810473ca2d6f869c53d03ff948,L10/L10_model_08/z_checks.csv,L10/L10_model_08/x_checks.csv,1000,1000
L10_model_09,10,4,998,998,2027031009,15e84da1de08396ec50e21de345005d3d1e408fa,L10/L10_model_09/z_checks.csv,L10/L10_model_09/x_checks.csv,1000,1000
L10_model_10,10,4,998,998,2027031010,84b67dff2ceb4678b1a1a3dfd25e719e0f218618,L10/L10_model_10/z_checks.csv,L10/L10_model_10/x_checks.csv,1000,1000
L10_model_11,10,4,998,998,2027031011,34ac7a55bec74241b6e383c3d1b77639a931dd75,L10/L10_model_11/z_checks.csv,L10/L10_model_11/x_checks.csv,1000,1000
L10_model_12,10,4,998,998,2027031012,362dba392b55762fab7a4bfad22235113253e5ee,L10/L10_model_12/z_checks.csv,L10/L10_model_12/x_checks.csv,1000,1000
L10_model_13,10,4,998,998,2027031013,8ca5b8cee768801b67e4d9b796813c6a769f496d,L10/L10_model_13/z_checks.csv,L10/L10_model_13/x_checks.csv,1000,1000
L10_model_14,10,4,998,998,2027031014,c80737a99ae580a899a5ede2e46061fbedfc2616,L10/L10_model_14/z_checks.csv,L10/L10_model_14/x_checks.csv,1000,1000
L10_model_15,10,4,998,998,2027031015,ae5621d63be5e3785bde7404517878edd7671d27,L10/L10_model_15/z_checks.csv,L10/L10_model_15/x_checks.csv,1000,1000
L10_model_16,10,4,998,998,2027031016,5b89a3afbf2d367f3ce8f1d927a918b70133c35a,L10/L10_model_16/z_checks.csv,L10/L10_model_16/x_checks.csv,1000,1000
L10_model_17,10,4,998,998,2027031017,bb59619fbbf64a66a13c74e16b2445034ed4bcf7,L10/L10_model_17/z_checks.csv,L10/L10_model_17/x_checks.csv,1000,1000
L10_model_18,10,4,998,998,2027031018,f5586b4582ee380dd4d47c4ae50a811c6873a2dd,L10/L10_model_18/z_checks.csv,L10/L10_model_18/x_checks.csv,1000,1000
L10_model_19,10,4,998,998,2027031019,fb01c916f48365cbe67bf7eee239193c344e6090,L10/L10_model_19/z_checks.csv,L10/L10_model_19/x_checks.csv,1000,1000
L10_model_20,10,4,998,998,2027031020,fb5dd1b25afc7b62944416205e5dbb457a4ca63a,L10/L10_model_20/z_checks.csv,L10/L10_model_20/x_checks.csv,1000,1000
L10_model_21,10,4,998,998,2027031023,8bfe68633246d87efa64c10bb42b2f9110afb9d9,L10/L10_model_21/z_checks.csv,L10/L10_model_21/x_checks.csv,1000,1000
L10_model_22,10,4,998,998,2027031024,c95ca1c7f25bc228af981131573163a6e2bcd95a,L10/L10_model_22/z_checks.csv,L10/L10_model_22/x_checks.csv,1000,1000
L10_model_23,10,4,998,998,2027031026,d9dedb6a9ffc78afc65fd29c00bbd2cd9e2dc413,L10/L10_model_23/z_checks.csv,L10/L10_model_23/x_checks.csv,1000,1000
L10_model_24,10,4,998,998,2027031027,04206134966959932c4ddba466023e5151f650d8,L10/L10_model_24/z_checks.csv,L10/L10_model_24/x_checks.csv,1000,1000
L10_model_25,10,4,998,998,2027031028,c062ca5c832b16b536f473d9031848e99c87c85c,L10/L10_model_25/z_checks.csv,L10/L10_model_25/x_checks.csv,1000,1000
L10_model_26,10,4,998,998,2027031029,76c6497a52ea6c119c06ea091ebfce1d54213631,L10/L10_model_26/z_checks.csv,L10/L10_model_26/x_checks.csv,1000,1000
L10_model_27,10,4,998,998,2027031030,597ed7098e7bad92359a3f1963844c0f0a7f7287,L10/L10_model_27/z_checks.csv,L10/L10_model_27/x_checks.csv,1000,1000
L10_model_28,10,4,998,998,2027031031,2b02f584ebb8ffae0700f0cd5ee9627364e9e4ed,L10/L10_model_28/z_checks.csv,L10/L10_model_28/x_checks.csv,1000,1000
L10_model_29,10,4,998,998,2027031032,9669ebe51e5ba0ac5ade3754334700afe5970040,L10/L10_model_29/z_checks.csv,L10/L10_model_29/x_checks.csv,1000,1000
L10_model_30,10,4,998,998,2027031034,7713c201731e63a4cdeb11afb2b50ca5e55a5c58,L10/L10_model_30/z_checks.csv,L10/L10_model_30/x_checks.csv,1000,1000
L10_model_31,10,4,998,998,2027031035,868f39a579e98bc6b8c1cbb2e875a3419685855f,L10/L10_model_31/z_checks.csv,L10/L10_model_31/x_checks.csv,1000,1000
L10_model_32,10,4,998,998,2027031036,804a05f2a9561c0dbc24d23c35ba924064ae3b01,L10/L10_model_32/z_checks.csv,L10/L10_model_32/x_checks.csv,1000,1000
L10_model_33,10,4,998,998,2027031037,7ee329577a6d240ecd3b68188b860246d46dc0ee,L10/L10_model_33/z_checks.csv,L10/L10_model_33/x_checks.csv,1000,1000
L10_model_34,10,4,998,998,2027031038,836e8aeff09599b19a0cd9ff98e8b7b04ce16765,L10/L10_model_34/z_checks.csv,L10/L10_model_34/x_checks.csv,1000,1000
L10_model_35,10,4,998,998,2027031039,7ab8293310f51b5ca59382eced1047a7de0bfe4c,L10/L10_model_35/z_checks.csv,L10/L10_model_35/x_checks.csv,1000,1000
L10_model_36,10,4,998,998,2027031040,4d323727edf37bf42ca3acda23f1328472fe95b6,L10/L10_model_36/z_checks.csv,L10/L10_model_36/x_checks.csv,1000,1000
L10_model_37,10,4,998,998,2027031041,9ef0a97837188da2c319802234da54c5f3ef07f2,L10/L10_model_37/z_checks.csv,L10/L10_model_37/x_checks.csv,1000,1000
L10_model_38,10,4,998,998,2027031042,86289f4dcc16ab9063f6c64b31da8ab3e4973bad,L10/L10_model_38/z_checks.csv,L10/L10_model_38/x_checks.csv,1000,1000
L10_model_39,10,4,998,998,2027031043,33ac003c273c08dced42c148574f8503560138bf,L10/L10_model_39/z_checks.csv,L10/L10_model_39/x_checks.csv,1000,1000
L10_model_40,10,4,998,998,2027031044,918539326be6d11babe5e23744ea1c2457d325bd,L10/L10_model_40/z_checks.csv,L10/L10_model_40/x_checks.csv,1000,1000
L10_model_41,10,4,998,998,2027031045,d7f07b23bc543614ee271c0555d9ad42abf00f1a,L10/L10_model_41/z_checks.csv,L10/L10_model_41/x_checks.csv,1000,1000
L10_model_42,10,4,998,998,2027031046,c6b183b90cb4c8822d9cbe690083cf96d8ea601c,L10/L10_model_42/z_checks.csv,L10/L10_model_42/x_checks.csv,1000,1000
L10_model_43,10,4,998,998,2027031047,f8d11fa4f9f01cf30ca05a2990467963b80dc02e,L10/L10_model_43/z_checks.csv,L10/L10_model_43/x_checks.csv,1000,1000
L10_model_44,10,4,998,998,2027031048,e220ed226be1873174562fd35c7579f56838b1a4,L10/L10_model_44/z_checks.csv,L10/L10_model_44/x_checks.csv,1000,1000
L10_model_45,10,4,998,998,2027031050,2e3771e4bb9b28ceae6c15ebd2aea4d74767b947,L10/L10_model_45/z_checks.csv,L10/L10_model_45/x_checks.csv,1000,1000
L10_model_46,10,4,998,998,2027031051,308974a5a59a88f0c7e3fc5d39fbd033cca382db,L10/L10_model_46/z_checks.csv,L10/L10_model_46/x_checks.csv,1000,1000
L10_model_47,10,4,998,998,2027031052,a1dda6f298184fff9d748bf92ea24a617dad713f,L10/L10_model_47/z_checks.csv,L10/L10_model_47/x_checks.csv,1000,1000
L10_model_48,10,4,998,998,2027031053,90e2dac8187625f280c1721ef4743072c7e317d0,L10/L10_model_48/z_checks.csv,L10/L10_model_48/x_checks.csv,1000,1000
L10_model_49,10,4,998,998,2027031054,d27d90126c70f4437d49b32a4018c770fb31d264,L10/L10_model_49/z_checks.csv,L10/L10_model_49/x_checks.csv,1000,1000
L10_model_50,10,4,998,998,2027031056,9484ca7ecb7ad08988ea01c39c01964e4f3677c6,L10/L10_model_50/z_checks.csv,L10/L10_model_50/x_checks.csv,1000,1000
L11_model_01,11,2,1330,1330,2027091100,9f1939c6cf593b1b5d9d561d168ed14291717dcf,L11/L11_model_01/z_checks.csv,L11/L11_model_01/x_checks.csv,1331,1331
L11_model_02,11,2,1330,1330,2027091101,1d75062fbeae6f988eb692c569f531fa3ae9e2af,L11/L11_model_02/z_checks.csv,L11/L11_model_02/x_checks.csv,1331,1331
L11_model_03,11,2,1330,1330,2027091102,f80ce397b0a90fbdbeff59b7b06bb84cc9049fc9,L11/L11_model_03/z_checks.csv,L11/L11_model_03/x_checks.csv,1331,1331
L11_model_04,11,2,1330,1330,2027091103,6b27fa9cef2bbb294ad58e5f476c187d243a5d12,L11/L11_model_04/z_checks.csv,L11/L11_model_04/x_checks.csv,1331,1331
L11_model_05,11,2,1330,1330,2027091104,7875adbf4303df9031f30572d828479ea7af84a5,L11/L11_model_05/z_checks.csv,L11/L11_model_05/x_checks.csv,1331,1331
L11_model_06,11,2,1330,1330,2027091105,758cd872673f979d41c6c2cd7dedb7eeeb489b41,L11/L11_model_06/z_checks.csv,L11/L11_model_06/x_checks.csv,1331,1331
L11_model_07,11,2,1330,1330,2027091106,bfa707d313d6bef1f5485a75ce6fd4f58922b098,L11/L11_model_07/z_checks.csv,L11/L11_model_07/x_checks.csv,1331,1331
L11_model_08,11,2,1330,1330,2027091107,78cfb36493dc3ab1b16760c831f9a7ad77fc20d9,L11/L11_model_08/z_checks.csv,L11/L11_model_08/x_checks.csv,1331,1331
L11_model_09,11,2,1330,1330,2027091108,a23aa6084325d711de82dd3b791603729f70216a,L11/L11_model_09/z_checks.csv,L11/L11_model_09/x_checks.csv,1331,1331
L11_model_10,11,2,1330,1330,2027091109,a62bb9d699bb5d7956d31d46b42a38dd0f09563d,L11/L11_model_10/z_checks.csv,L11/L11_model_10/x_checks.csv,1331,1331
L11_model_11,11,2,1330,1330,2027091110,f54479355b9642eea1daee2ff850ee092d1d88a5,L11/L11_model_11/z_checks.csv,L11/L11_model_11/x_checks.csv,1331,1331
L11_model_12,11,2,1330,1330,2027091111,fa529271e7ce492255194b74e69430ed60808f91,L11/L11_model_12/z_checks.csv,L11/L11_model_12/x_checks.csv,1331,1331
L11_model_13,11,2,1330,1330,2027091112,b67bb6efce4004960b7183db3f72db466b54219a,L11/L11_model_13/z_checks.csv,L11/L11_model_13/x_checks.csv,1331,1331
L11_model_14,11,2,1330,1330,2027091113,6444a59e9e81b920b083993053fc57d014972db0,L11/L11_model_14/z_checks.csv,L11/L11_model_14/x_checks.csv,1331,1331
L11_model_15,11,2,1330,1330,2027091114,3a9b3c47c4e0a8c90a13032394d37849c34d67e7,L11/L11_model_15/z_checks.csv,L11/L11_model_15/x_checks.csv,1331,1331
L11_model_16,11,2,1330,1330,2027091115,f47c5e80345736900559a6af39444a73a632195e,L11/L11_model_16/z_checks.csv,L11/L11_model_16/x_checks.csv,1331,1331
L11_model_17,11,2,1330,1330,2027091116,742d7cc8fed89100d251e0d7d0d5129533366cd6,L11/L11_model_17/z_checks.csv,L11/L11_model_17/x_checks.csv,1331,1331
L11_model_18,11,2,1330,1330,2027101100,f6b4822385fd446709d0ce249a30d7eaef02e573,L11/L11_model_18/z_checks.csv,L11/L11_model_18/x_checks.csv,1331,1331
L11_model_19,11,2,1330,1330,2027101101,6790f9e38a1a247b8e3da86899a3ceb0db948cb7,L11/L11_model_19/z_checks.csv,L11/L11_model_19/x_checks.csv,1331,1331
L11_model_20,11,2,1330,1330,2027101102,cd7b050ea1c5095cdd6785b4fb2635493dcd325c,L11/L11_model_20/z_checks.csv,L11/L11_model_20/x_checks.csv,1331,1331
L11_model_21,11,2,1330,1330,2027101103,5bad88328ea5d89b7a51f671ba07c35703aab66d,L11/L11_model_21/z_checks.csv,L11/L11_model_21/x_checks.csv,1331,1331
L11_model_22,11,2,1330,1330,2027101104,17ebc8a29c56d17eb498a54e2ca2c99c3bb4acf7,L11/L11_model_22/z_checks.csv,L11/L11_model_22/x_checks.csv,1331,1331
L11_model_23,11,2,1330,1330,2027101105,d880fe2a47c0e753acfa34940e94e74fe882ec4a,L11/L11_model_23/z_checks.csv,L11/L11_model_23/x_checks.csv,1331,1331
L11_model_24,11,2,1330,1330,2027101106,cc64f733b4d3b021c50acc01f06d9329f07145d0,L11/L11_model_24/z_checks.csv,L11/L11_model_24/x_checks.csv,1331,1331
L11_model_25,11,2,1330,1330,2027101107,b32dc2fb80b7b0eea5cd565f97dffff39791edd9,L11/L11_model_25/z_checks.csv,L11/L11_model_25/x_checks.csv,1331,1331
L11_model_26,11,2,1330,1330,2027101108,3cbc49ced3259ef2bf00f48fceca30b2615be165,L11/L11_model_26/z_checks.csv,L11/L11_model_26/x_checks.csv,1331,1331
L11_model_27,11,2,1330,1330,2027101109,f2dd3598b492337155a3598fec711aba71cee1c2,L11/L11_model_27/z_checks.csv,L11/L11_model_27/x_checks.csv,1331,1331
L11_model_28,11,2,1330,1330,2027101110,777c84cd490b431d572c80c173ba316162372e0a,L11/L11_model_28/z_checks.csv,L11/L11_model_28/x_checks.csv,1331,1331
L11_model_29,11,2,1330,1330,2027101111,6e086ffaaea2f32564bef306912950b411c3d901,L11/L11_model_29/z_checks.csv,L11/L11_model_29/x_checks.csv,1331,1331
L11_model_30,11,2,1330,1330,2027101112,294ec841f14a06d1be3ee93194a6a6228bd1b0cc,L11/L11_model_30/z_checks.csv,L11/L11_model_30/x_checks.csv,1331,1331
L11_model_31,11,2,1330,1330,2027101113,dfd1072e8ae3f939bae9a9810db15d086af04a9c,L11/L11_model_31/z_checks.csv,L11/L11_model_31/x_checks.csv,1331,1331
L11_model_32,11,2,1330,1330,2027101114,a20deee891b9d7ec7f8e6fdabbe3451904586256,L11/L11_model_32/z_checks.csv,L11/L11_model_32/x_checks.csv,1331,1331
L11_model_33,11,2,1330,1330,2027101115,ceea6b633f66104bc10d505fc57191066ac38b92,L11/L11_model_33/z_checks.csv,L11/L11_model_33/x_checks.csv,1331,1331
L11_model_34,11,2,1330,1330,2027101116,c2058abe881971faa1b4336c55662f92cf5226a9,L11/L11_model_34/z_checks.csv,L11/L11_model_34/x_checks.csv,1331,1331
L11_model_35,11,2,1330,1330,2027111100,8dfc6b6298e683804d5e1cf54a77955250f25778,L11/L11_model_35/z_checks.csv,L11/L11_model_35/x_checks.csv,1331,1331
L11_model_36,11,2,1330,1330,2027111101,5fce6489f4ee90051e29ec7c1b43f237098fa5bd,L11/L11_model_36/z_checks.csv,L11/L11_model_36/x_checks.csv,1331,1331
L11_model_37,11,2,1330,1330,2027111102,14a372907c3bfdf4437a539a15b548c861ed6cd9,L11/L11_model_37/z_checks.csv,L11/L11_model_37/x_checks.csv,1331,1331
L11_model_38,11,2,1330,1330,2027111103,d2af5024b0cb83aa60265ae9063278e1ea74086a,L11/L11_model_38/z_checks.csv,L11/L11_model_38/x_checks.csv,1331,1331
L11_model_39,11,2,1330,1330,2027111104,1c1f920c4dd752dc2b9ff7815fc60cd5b22e579c,L11/L11_model_39/z_checks.csv,L11/L11_model_39/x_checks.csv,1331,1331
L11_model_40,11,2,1330,1330,2027111105,819bb6d342ac97f97f377862823c0f2f9039e87e,L11/L11_model_40/z_checks.csv,L11/L11_model_40/x_checks.csv,1331,1331
L11_model_41,11,2,1330,1330,2027111106,bf64c4665ca7472f4178c207c98f535d38a4938b,L11/L11_model_41/z_checks.csv,L11/L11_model_41/x_checks.csv,1331,1331
L11_model_42,11,2,1330,1330,2027111107,3478763a282dd538513350dd3efd66738283f34a,L11/L11_model_42/z_checks.csv,L11/L11_model_42/x_checks.csv,1331,1331
L11_model_43,11,2,1330,1330,2027111108,e1c41ddc467b95618570cc7026142924997d8582,L11/L11_model_43/z_checks.csv,L11/L11_model_43/x_checks.csv,1331,1331
L11_model_44,11,2,1330,1330,2027111109,b697ba57b3b4d377c674adc87ead95353dc5bd99,L11/L11_model_44/z_checks.csv,L11/L11_model_44/x_checks.csv,1331,1331
L11_model_45,11,2,1330,1330,2027111110,bf8b552b8122523a3e6470f22e5b880cb5b4a96e,L11/L11_model_45/z_checks.csv,L11/L11_model_45/x_checks.csv,1331,1331
L11_model_46,11,2,1330,1330,2027111111,85dedfb49d4203e58410a94b1ff40f596020ee21,L11/L11_model_46/z_checks.csv,L11/L11_model_46/x_checks.csv,1331,1331
L11_model_47,11,2,1330,1330,2027111112,14bb517e8790d32f9cbc8b8b0a21ca95ce4b2190,L11/L11_model_47/z_checks.csv,L11/L11_model_47/x_checks.csv,1331,1331
L11_model_48,11,2,1330,1330,2027111113,d75a8b02115b2e586a1ec3857a33db6b2dfc0682,L11/L11_model_48/z_checks.csv,L11/L11_model_48/x_checks.csv,1331,1331
L11_model_49,11,2,1330,1330,2027111114,9c444b6abd25ea4147683ba491b1c93c3d1e339b,L11/L11_model_49/z_checks.csv,L11/L11_model_49/x_checks.csv,1331,1331
L11_model_50,11,2,1330,1330,2027111115,a3662f9895276dffb28f318f512d666b797d572f,L11/L11_model_50/z_checks.csv,L11/L11_model_50/x_checks.csv,1331,1331
L12_model_01,12,4,1726,1726,2029121202,2f56c326952f21dc079a1e013413f4f2d1a1d7aa,L12/L12_model_01/z_checks.csv,L12/L12_model_01/x_checks.csv,1728,1728
L12_model_02,12,4,1726,1726,2029121207,83942161bbed1b05beb3a3c495cdb1347d2dd010,L12/L12_model_02/z_checks.csv,L12/L12_model_02/x_checks.csv,1728,1728
L12_model_03,12,4,1726,1726,2029121216,2772e6aaae5e694795b706a52af7f5cf04d342da,L12/L12_model_03/z_checks.csv,L12/L12_model_03/x_checks.csv,1728,1728
L12_model_04,12,4,1726,1726,2029121223,212d86dc40d52ed718f2bbaac35f00decb194bed,L12/L12_model_04/z_checks.csv,L12/L12_model_04/x_checks.csv,1728,1728
L12_model_05,12,4,1726,1726,2029121229,d4da74b4c52a471214b32a2259dd66bef4cb6e84,L12/L12_model_05/z_checks.csv,L12/L12_model_05/x_checks.csv,1728,1728
L12_model_06,12,4,1726,1726,2029121234,a3e5d5bce2e1e0b682b3924688bffdd02e397af6,L12/L12_model_06/z_checks.csv,L12/L12_model_06/x_checks.csv,1728,1728
L12_model_07,12,4,1726,1726,2029121238,949b60109411f1f7478272b57b3e99e8e079acdf,L12/L12_model_07/z_checks.csv,L12/L12_model_07/x_checks.csv,1728,1728
L12_model_08,12,4,1726,1726,2029121243,0c8859c109ced09c4a7c613775033633bdae5e16,L12/L12_model_08/z_checks.csv,L12/L12_model_08/x_checks.csv,1728,1728
L12_model_09,12,4,1726,1726,2029121246,18421e20bd7ab6b9ee6c9cc24c19afb7e8e0768e,L12/L12_model_09/z_checks.csv,L12/L12_model_09/x_checks.csv,1728,1728
L12_model_10,12,4,1726,1726,2029121258,33f5067dfaae9102a84bb5f3940f24d7fad1b0b3,L12/L12_model_10/z_checks.csv,L12/L12_model_10/x_checks.csv,1728,1728
L12_model_11,12,4,1726,1726,2029121263,56306ec9cd496bf74372fc41e1ef86da6689e57f,L12/L12_model_11/z_checks.csv,L12/L12_model_11/x_checks.csv,1728,1728
L12_model_12,12,4,1726,1726,2029121270,4ac0f1a8dcee05d5016eef82252ff502a0f90a3a,L12/L12_model_12/z_checks.csv,L12/L12_model_12/x_checks.csv,1728,1728
L12_model_13,12,4,1726,1726,2029121272,ef6cb6857f9098ec1d148b12a90950b8597470d0,L12/L12_model_13/z_checks.csv,L12/L12_model_13/x_checks.csv,1728,1728
L12_model_14,12,4,1726,1726,2029121275,90a9dff1cb82291e3a370952296f687e97229943,L12/L12_model_14/z_checks.csv,L12/L12_model_14/x_checks.csv,1728,1728
L12_model_15,12,4,1726,1726,2029121279,f7f845c6d4969d7225fa2661685cbcb6cf94e9fc,L12/L12_model_15/z_checks.csv,L12/L12_model_15/x_checks.csv,1728,1728
L12_model_16,12,4,1726,1726,2029121287,ce6776fadb1745d8c82728abde809b88c1e5275b,L12/L12_model_16/z_checks.csv,L12/L12_model_16/x_checks.csv,1728,1728
L12_model_17,12,4,1726,1726,2029121288,63f2f0c345cb7a7bf4df63a4e76d835370d4c0da,L12/L12_model_17/z_checks.csv,L12/L12_model_17/x_checks.csv,1728,1728
L12_model_18,12,4,1726,1726,2029121294,c7d8dca3a3cc6b00dd3c92d6db3af9c7dc42ceb6,L12/L12_model_18/z_checks.csv,L12/L12_model_18/x_checks.csv,1728,1728
L12_model_19,12,4,1726,1726,2029121300,5b0f9fdd8044e53007a109850dccb4c0976df703,L12/L12_model_19/z_checks.csv,L12/L12_model_19/x_checks.csv,1728,1728
L12_model_20,12,4,1726,1726,2029121308,9cd2b10a8ca2a909b3cdb116d23976c287c94246,L12/L12_model_20/z_checks.csv,L12/L12_model_20/x_checks.csv,1728,1728
L12_model_21,12,4,1726,1726,2029121309,616a0d49efba068d217a68c8c74ad9c6f3fd11cd,L12/L12_model_21/z_checks.csv,L12/L12_model_21/x_checks.csv,1728,1728
L12_model_22,12,4,1726,1726,2029121312,3ea2b07833842294b4d0447f25d33a217e5da9a8,L12/L12_model_22/z_checks.csv,L12/L12_model_22/x_checks.csv,1728,1728
L12_model_23,12,4,1726,1726,2029121315,48f0409193655428a5306fae6ced55fb747aa19d,L12/L12_model_23/z_checks.csv,L12/L12_model_23/x_checks.csv,1728,1728
L12_model_24,12,4,1726,1726,2029121316,e0643b2818e2a7c6487b357e92f547c2ab8586ae,L12/L12_model_24/z_checks.csv,L12/L12_model_24/x_checks.csv,1728,1728
L12_model_25,12,4,1726,1726,2029121320,340b26623710033f87bac76aa1f0538b97277a1f,L12/L12_model_25/z_checks.csv,L12/L12_model_25/x_checks.csv,1728,1728
L12_model_26,12,4,1726,1726,2029121322,ac76629355b9d9a6f159554b87b888a2a512622f,L12/L12_model_26/z_checks.csv,L12/L12_model_26/x_checks.csv,1728,1728
L12_model_27,12,4,1726,1726,2029121324,01f69890d206c50e32ba158479ff3f0c2dbc1ae4,L12/L12_model_27/z_checks.csv,L12/L12_model_27/x_checks.csv,1728,1728
L12_model_28,12,4,1726,1726,2029121325,32646c3b3d0336757fe3992ceac0eceb7cce86ed,L12/L12_model_28/z_checks.csv,L12/L12_model_28/x_checks.csv,1728,1728
L12_model_29,12,4,1726,1726,2029121334,69ad07c610d7cad3a1c9057290977e051a230e32,L12/L12_model_29/z_checks.csv,L12/L12_model_29/x_checks.csv,1728,1728
L12_model_30,12,4,1726,1726,2029121340,ded0f176483f1dd19f3e846aad3a4929799375ca,L12/L12_model_30/z_checks.csv,L12/L12_model_30/x_checks.csv,1728,1728
L12_model_31,12,4,1726,1726,2029121347,7ef1012c9d19b40be0630d2db684bb458bee1257,L12/L12_model_31/z_checks.csv,L12/L12_model_31/x_checks.csv,1728,1728
L12_model_32,12,4,1726,1726,2029121349,fac09c8d4de5ef1c099eb0dea54def39a685ec36,L12/L12_model_32/z_checks.csv,L12/L12_model_32/x_checks.csv,1728,1728
L12_model_33,12,4,1726,1726,2029121352,38677e74dd793835413417daaf6499172bec609b,L12/L12_model_33/z_checks.csv,L12/L12_model_33/x_checks.csv,1728,1728
L12_model_34,12,4,1726,1726,2029121362,2f9ee7a41fbf46c87ef1809980c238073ebc9d11,L12/L12_model_34/z_checks.csv,L12/L12_model_34/x_checks.csv,1728,1728
L12_model_35,12,4,1726,1726,2029121372,14005e2f773d431481066bff3c856ce96abec86e,L12/L12_model_35/z_checks.csv,L12/L12_model_35/x_checks.csv,1728,1728
L12_model_36,12,4,1726,1726,2029121377,d39b52cacbb0de948ba75538ca161fd995c18cf7,L12/L12_model_36/z_checks.csv,L12/L12_model_36/x_checks.csv,1728,1728
L12_model_37,12,4,1726,1726,2029121382,24ef87d8e29b5660eba629a020be8ed0295a79b4,L12/L12_model_37/z_checks.csv,L12/L12_model_37/x_checks.csv,1728,1728
L12_model_38,12,4,1726,1726,2029121390,8da36c69fbf0c25f06039d035210f3f4d6e1365d,L12/L12_model_38/z_checks.csv,L12/L12_model_38/x_checks.csv,1728,1728
L12_model_39,12,4,1726,1726,2029121394,8859292f998f56f01b95f2cc1a056a4bfcbc625b,L12/L12_model_39/z_checks.csv,L12/L12_model_39/x_checks.csv,1728,1728
L12_model_40,12,4,1726,1726,2029121398,628b2eb775f36bf2d3c27ea6e5670f3996e7a54d,L12/L12_model_40/z_checks.csv,L12/L12_model_40/x_checks.csv,1728,1728
L12_model_41,12,4,1726,1726,2029121399,2110c170d7823d3dc3a7e2b605cb791304945b78,L12/L12_model_41/z_checks.csv,L12/L12_model_41/x_checks.csv,1728,1728
L12_model_42,12,4,1726,1726,2029121405,475657059f2ee5be81eded2f61ca57f7df8e0ebc,L12/L12_model_42/z_checks.csv,L12/L12_model_42/x_checks.csv,1728,1728
L12_model_43,12,4,1726,1726,2029121407,ee5ff29f1a144ac4936aef68f74a25e952d4bb90,L12/L12_model_43/z_checks.csv,L12/L12_model_43/x_checks.csv,1728,1728
L12_model_44,12,4,1726,1726,2029121410,689fd7d8f8251ced85764e5d2423729a91e9c467,L12/L12_model_44/z_checks.csv,L12/L12_model_44/x_checks.csv,1728,1728
L12_model_45,12,4,1726,1726,2029121416,bd01f8ddd221c9563282499f0b8e278ae120c4c3,L12/L12_model_45/z_checks.csv,L12/L12_model_45/x_checks.csv,1728,1728
L12_model_46,12,4,1726,1726,2029121419,4e4033dd4add22018afd061046646b3bd67bf236,L12/L12_model_46/z_checks.csv,L12/L12_model_46/x_checks.csv,1728,1728
L12_model_47,12,4,1726,1726,2029121428,4c42fda5ed4aa1dfeaee7c3caf24d03ca022e066,L12/L12_model_47/z_checks.csv,L12/L12_model_47/x_checks.csv,1728,1728
L12_model_48,12,4,1726,1726,2029121429,29aad1b05e543a293aa9f2e83fa9fe7593a3fabc,L12/L12_model_48/z_checks.csv,L12/L12_model_48/x_checks.csv,1728,1728
L12_model_49,12,4,1726,1726,2029121430,7e3f344ccbef5e7e7fe7b4e84935f3a94dd7370d,L12/L12_model_49/z_checks.csv,L12/L12_model_49/x_checks.csv,1728,1728
L12_model_50,12,4,1726,1726,2029121447,5e42edb76e1041e9380a3b26e98bd5444d675781,L12/L12_model_50/z_checks.csv,L12/L12_model_50/x_checks.csv,1728,1728
L13_model_01,13,2,2196,2196,2028131300,fa9a5cf4126a624925a37247072a882ff4381756,L13/L13_model_01/z_checks.csv,L13/L13_model_01/x_checks.csv,2197,2197
L13_model_02,13,2,2196,2196,2028131301,ecdb7d6a60c5c5558dd64008139b101980baf586,L13/L13_model_02/z_checks.csv,L13/L13_model_02/x_checks.csv,2197,2197
L13_model_03,13,2,2196,2196,2028131302,482bdbdc2fc553f66ea026661f8dadc1ed62e260,L13/L13_model_03/z_checks.csv,L13/L13_model_03/x_checks.csv,2197,2197
L13_model_04,13,2,2196,2196,2028131303,aa60a01bd6cb4ae5aa401e70fb843fca5eed30be,L13/L13_model_04/z_checks.csv,L13/L13_model_04/x_checks.csv,2197,2197
L13_model_05,13,2,2196,2196,2028131304,e7e7839d220487d3b4181bb7cc61b3f1a661878b,L13/L13_model_05/z_checks.csv,L13/L13_model_05/x_checks.csv,2197,2197
L13_model_06,13,2,2196,2196,2028131305,aa01cf01c0e2d76c9ad094e8b7b5984af97e6f1e,L13/L13_model_06/z_checks.csv,L13/L13_model_06/x_checks.csv,2197,2197
L13_model_07,13,2,2196,2196,2028131306,4651081bcb4559914c95b02d3a4ce4be3d69ab4f,L13/L13_model_07/z_checks.csv,L13/L13_model_07/x_checks.csv,2197,2197
L13_model_08,13,2,2196,2196,2028131307,72e7d83ed4224307689f9355498401959840d929,L13/L13_model_08/z_checks.csv,L13/L13_model_08/x_checks.csv,2197,2197
L13_model_09,13,2,2196,2196,2028131308,4d643eb082e0157f286a91abd92b94b01e3b7220,L13/L13_model_09/z_checks.csv,L13/L13_model_09/x_checks.csv,2197,2197
L13_model_10,13,2,2196,2196,2028131309,868e385693e134fb82e0db831805dbbf470c3c0e,L13/L13_model_10/z_checks.csv,L13/L13_model_10/x_checks.csv,2197,2197
L13_model_11,13,2,2196,2196,2028131310,da03310d638a216a68423a31b4726e5582ad2e04,L13/L13_model_11/z_checks.csv,L13/L13_model_11/x_checks.csv,2197,2197
L13_model_12,13,2,2196,2196,2028131311,49388bdeafcc95815554ead81c9011f3d7564df1,L13/L13_model_12/z_checks.csv,L13/L13_model_12/x_checks.csv,2197,2197
L13_model_13,13,2,2196,2196,2028131312,92aa6c0e3f6892ff436772b5331360db061062da,L13/L13_model_13/z_checks.csv,L13/L13_model_13/x_checks.csv,2197,2197
L13_model_14,13,2,2196,2196,2028131313,47dfbcac5cf9b0d9a115b71c405c3d9a4c1dc496,L13/L13_model_14/z_checks.csv,L13/L13_model_14/x_checks.csv,2197,2197
L13_model_15,13,2,2196,2196,2028131314,e8b0749a8f4f976b9e78d54fd8cdd3d787c8cdb7,L13/L13_model_15/z_checks.csv,L13/L13_model_15/x_checks.csv,2197,2197
L13_model_16,13,2,2196,2196,2028131315,c0f1463a693d57e4f19a4fd5c6e68f03fce83ba8,L13/L13_model_16/z_checks.csv,L13/L13_model_16/x_checks.csv,2197,2197
L13_model_17,13,2,2196,2196,2028131316,7bcdc306b5e9447982157f102c6bfab15a883cd3,L13/L13_model_17/z_checks.csv,L13/L13_model_17/x_checks.csv,2197,2197
L13_model_18,13,2,2196,2196,2028131317,6859218bf0958cb5845f28e4666ffe4cc7470724,L13/L13_model_18/z_checks.csv,L13/L13_model_18/x_checks.csv,2197,2197
L13_model_19,13,2,2196,2196,2028131318,36df23c3b34e740261c3a7e5f1f6af607b1edb3f,L13/L13_model_19/z_checks.csv,L13/L13_model_19/x_checks.csv,2197,2197
L13_model_20,13,2,2196,2196,2028131319,b4e6f5f0d02eab3555ce467bf478a39b920ca0e2,L13/L13_model_20/z_checks.csv,L13/L13_model_20/x_checks.csv,2197,2197
L13_model_21,13,2,2196,2196,2028131320,5195ecf30cf75cd4e6ca82bd6f9fb699dfe42c36,L13/L13_model_21/z_checks.csv,L13/L13_model_21/x_checks.csv,2197,2197
L13_model_22,13,2,2196,2196,2028131321,6ac76c191d73b87594ec7fd48ac53373210fabf3,L13/L13_model_22/z_checks.csv,L13/L13_model_22/x_checks.csv,2197,2197
L13_model_23,13,2,2196,2196,2028131322,b7b8862558cc533c4f98265f6cbd9f15e9abc65a,L13/L13_model_23/z_checks.csv,L13/L13_model_23/x_checks.csv,2197,2197
L13_model_24,13,2,2196,2196,2028131323,917d18566283aedb15e62a38b042ca2c51194bbf,L13/L13_model_24/z_checks.csv,L13/L13_model_24/x_checks.csv,2197,2197
L13_model_25,13,2,2196,2196,2028131324,84d5b20dda13d983d0208b1d32e8895ff43a66e8,L13/L13_model_25/z_checks.csv,L13/L13_model_25/x_checks.csv,2197,2197
L13_model_26,13,2,2196,2196,2028131325,a1aea0da7e7dab14641af8c7bf4b55aa56e2343c,L13/L13_model_26/z_checks.csv,L13/L13_model_26/x_checks.csv,2197,2197
L13_model_27,13,2,2196,2196,2028131326,29ad2a9d38d8ed0a4368973e452bd155bf09b5ff,L13/L13_model_27/z_checks.csv,L13/L13_model_27/x_checks.csv,2197,2197
L13_model_28,13,2,2196,2196,2028131327,e00fe7867f58a671b59c2aace78d6fbabd471269,L13/L13_model_28/z_checks.csv,L13/L13_model_28/x_checks.csv,2197,2197
L13_model_29,13,2,2196,2196,2028131328,fcebde8d48f5b0aa9228ee2cdd245734fbc0d6da,L13/L13_model_29/z_checks.csv,L13/L13_model_29/x_checks.csv,2197,2197
L13_model_30,13,2,2196,2196,2028131329,1b6d7f1f18f9b7216f15b0152418cde2f97bf831,L13/L13_model_30/z_checks.csv,L13/L13_model_30/x_checks.csv,2197,2197
L13_model_31,13,2,2196,2196,2028131330,5da835befd7802ef900e41c979be804eb9bc87d5,L13/L13_model_31/z_checks.csv,L13/L13_model_31/x_checks.csv,2197,2197
L13_model_32,13,2,2196,2196,2028131331,de1b2c963cfc1aa0e4c42634a92f50e07a3b9042,L13/L13_model_32/z_checks.csv,L13/L13_model_32/x_checks.csv,2197,2197
L13_model_33,13,2,2196,2196,2028131332,2dd3343ae85a78b81697c0a944c08b6d347890a7,L13/L13_model_33/z_checks.csv,L13/L13_model_33/x_checks.csv,2197,2197
L13_model_34,13,2,2196,2196,2028131333,ea894dc79be1d652890e4a91ae7b92bfb388301c,L13/L13_model_34/z_checks.csv,L13/L13_model_34/x_checks.csv,2197,2197
L13_model_35,13,2,2196,2196,2028131334,b23ed6dc90ef6248e8b020013f3318429b687685,L13/L13_model_35/z_checks.csv,L13/L13_model_35/x_checks.csv,2197,2197
L13_model_36,13,2,2196,2196,2028131335,2f0fae1d763d925278ccd14eeb0b4b4169cc4987,L13/L13_model_36/z_checks.csv,L13/L13_model_36/x_checks.csv,2197,2197
L13_model_37,13,2,2196,2196,2028131336,b47c494b0e56d6d0f1045ae1345cf98e4897f528,L13/L13_model_37/z_checks.csv,L13/L13_model_37/x_checks.csv,2197,2197
L13_model_38,13,2,2196,2196,2028131337,22cccf253c25407a3dfcf32f7a6141ed295d02d6,L13/L13_model_38/z_checks.csv,L13/L13_model_38/x_checks.csv,2197,2197
L13_model_39,13,2,2196,2196,2028131338,40e4a9512bc3c9cc70e1dbac6e4e9ff07fc35d53,L13/L13_model_39/z_checks.csv,L13/L13_model_39/x_checks.csv,2197,2197
L13_model_40,13,2,2196,2196,2028131339,e7935131a21aac4b8989b4d694775f952aa0e88b,L13/L13_model_40/z_checks.csv,L13/L13_model_40/x_checks.csv,2197,2197
L13_model_41,13,2,2196,2196,2028131340,79be48d7f9726390c565b1d0d40b430072e4a5aa,L13/L13_model_41/z_checks.csv,L13/L13_model_41/x_checks.csv,2197,2197
L13_model_42,13,2,2196,2196,2028131341,e0eb9e4d75f3a13f18384d26413c4211c7338943,L13/L13_model_42/z_checks.csv,L13/L13_model_42/x_checks.csv,2197,2197
L13_model_43,13,2,2196,2196,2028131342,1a808945d7b7d5247e9b7f85ac002a6f8a29b18a,L13/L13_model_43/z_checks.csv,L13/L13_model_43/x_checks.csv,2197,2197
L13_model_44,13,2,2196,2196,2028131343,583e1c212306a31ed610c755abf3ae3c09bb8bd2,L13/L13_model_44/z_checks.csv,L13/L13_model_44/x_checks.csv,2197,2197
L13_model_45,13,2,2196,2196,2028131344,ec7e304b1af59993d59067fa218a5ced1acc9283,L13/L13_model_45/z_checks.csv,L13/L13_model_45/x_checks.csv,2197,2197
L13_model_46,13,2,2196,2196,2028131345,88bb5529ef2be8d2478ab1e72ad51a94be69115a,L13/L13_model_46/z_checks.csv,L13/L13_model_46/x_checks.csv,2197,2197
L13_model_47,13,2,2196,2196,2028131346,fa848abcb0883da0858742b77f432b70eb7d1061,L13/L13_model_47/z_checks.csv,L13/L13_model_47/x_checks.csv,2197,2197
L13_model_48,13,2,2196,2196,2028131347,8286619816f55e872b9c57141ce10fbb6743f854,L13/L13_model_48/z_checks.csv,L13/L13_model_48/x_checks.csv,2197,2197
L13_model_49,13,2,2196,2196,2028131348,563cd651a0e8857e85ca10908c8a4390eeb774b4,L13/L13_model_49/z_checks.csv,L13/L13_model_49/x_checks.csv,2197,2197
L13_model_50,13,2,2196,2196,2028131350,6448af98c6169a1f1ad86cc623cd3a59c09424a4,L13/L13_model_50/z_checks.csv,L13/L13_model_50/x_checks.csv,2197,2197
L14_model_01,14,4,2742,2742,2028141401,9dcdc2100120d7d09be218f8ac40c3557f6e83a7,L14/L14_model_01/z_checks.csv,L14/L14_model_01/x_checks.csv,2744,2744
L14_model_02,14,4,2742,2742,2028141402,9f553f12266eeaeab9c08d67d3cfc46b32ca765a,L14/L14_model_02/z_checks.csv,L14/L14_model_02/x_checks.csv,2744,2744
L14_model_03,14,4,2742,2742,2028141404,a77482897f432f8176b06d348dbe932e93771f96,L14/L14_model_03/z_checks.csv,L14/L14_model_03/x_checks.csv,2744,2744
L14_model_04,14,4,2742,2742,2028141405,059a750c5fb43359cadb7f20fb5e72a4d6e42b44,L14/L14_model_04/z_checks.csv,L14/L14_model_04/x_checks.csv,2744,2744
L14_model_05,14,4,2742,2742,2028141406,225c6ace3f14ae99efbf7baaa954fb7797997dee,L14/L14_model_05/z_checks.csv,L14/L14_model_05/x_checks.csv,2744,2744
L14_model_06,14,4,2742,2742,2028141407,020516520721369956613b37ce7f987a564227c5,L14/L14_model_06/z_checks.csv,L14/L14_model_06/x_checks.csv,2744,2744
L14_model_07,14,4,2742,2742,2028141408,401b211f007cc8b25c2ac2c3c036248f06528c6d,L14/L14_model_07/z_checks.csv,L14/L14_model_07/x_checks.csv,2744,2744
L14_model_08,14,4,2742,2742,2028141409,9d41e6686a15f2779efaf5bd4042012bb3ac4bf1,L14/L14_model_08/z_checks.csv,L14/L14_model_08/x_checks.csv,2744,2744
L14_model_09,14,4,2742,2742,2028141411,e7cbeda703b92586ca71da0816a8bb186a7946ed,L14/L14_model_09/z_checks.csv,L14/L14_model_09/x_checks.csv,2744,2744
L14_model_10,14,4,2742,2742,2028141412,a945225505898469c215957a81017c7b7b405f2e,L14/L14_model_10/z_checks.csv,L14/L14_model_10/x_checks.csv,2744,2744
L14_model_11,14,4,2742,2742,2028141413,38bd5897dc8ac075b0771ca6b691b6e143b697f0,L14/L14_model_11/z_checks.csv,L14/L14_model_11/x_checks.csv,2744,2744
L14_model_12,14,4,2742,2742,2028141414,6910d3d986175f1fa083dad56fb61669533a6291,L14/L14_model_12/z_checks.csv,L14/L14_model_12/x_checks.csv,2744,2744
L14_model_13,14,4,2742,2742,2028141415,d3b0e4660cf7548d801f97eb1fb9fbd4bebdf66a,L14/L14_model_13/z_checks.csv,L14/L14_model_13/x_checks.csv,2744,2744
L14_model_14,14,4,2742,2742,2028141417,91a4e8bbc9c361e5ca9b969ed238dcb22e0abc4a,L14/L14_model_14/z_checks.csv,L14/L14_model_14/x_checks.csv,2744,2744
L14_model_15,14,4,2742,2742,2028141418,20cfb92a057529a83184e3d61591905bd1a6a601,L14/L14_model_15/z_checks.csv,L14/L14_model_15/x_checks.csv,2744,2744
L14_model_16,14,4,2742,2742,2028141419,720a984bd5f16f9e3c14783d6deb4388a6ba39fd,L14/L14_model_16/z_checks.csv,L14/L14_model_16/x_checks.csv,2744,2744
L14_model_17,14,4,2742,2742,2028141420,82a27fea48405aeb0aab86c7a2f4f8ad28cf0a96,L14/L14_model_17/z_checks.csv,L14/L14_model_17/x_checks.csv,2744,2744
L14_model_18,14,4,2742,2742,2028141421,4e1b0105ba8a43d5ffad0bfef08328251f1629fc,L14/L14_model_18/z_checks.csv,L14/L14_model_18/x_checks.csv,2744,2744
L14_model_19,14,4,2742,2742,2028141422,44f2054c6d47105d83d0b616bb7f8fa63fcf2892,L14/L14_model_19/z_checks.csv,L14/L14_model_19/x_checks.csv,2744,2744
L14_model_20,14,4,2742,2742,2028141423,2f8d1b88ef8ab5375e71181ad802175d6f6b0b3f,L14/L14_model_20/z_checks.csv,L14/L14_model_20/x_checks.csv,2744,2744
L14_model_21,14,4,2742,2742,2028141424,5a64a50ec2304fd462c7de08dbc8fed470de608e,L14/L14_model_21/z_checks.csv,L14/L14_model_21/x_checks.csv,2744,2744
L14_model_22,14,4,2742,2742,2028141425,59aa70b6aa9fbc6167d45b2b002ddf7573581ca5,L14/L14_model_22/z_checks.csv,L14/L14_model_22/x_checks.csv,2744,2744
L14_model_23,14,4,2742,2742,2028141426,2ea398f818b0e51178e13cde364a085a96473b2d,L14/L14_model_23/z_checks.csv,L14/L14_model_23/x_checks.csv,2744,2744
L14_model_24,14,4,2742,2742,2028141427,513747e6f4b30c9ac8322c539ebc8aeab9296305,L14/L14_model_24/z_checks.csv,L14/L14_model_24/x_checks.csv,2744,2744
L14_model_25,14,4,2742,2742,2028141428,164c54e8e16e46e1657073844aa4d14cc955b55a,L14/L14_model_25/z_checks.csv,L14/L14_model_25/x_checks.csv,2744,2744
L14_model_26,14,4,2742,2742,2028141429,540a74a7cafe4efdc83bb87fce95f5b9f363595b,L14/L14_model_26/z_checks.csv,L14/L14_model_26/x_checks.csv,2744,2744
L14_model_27,14,4,2742,2742,2028141430,5467892ae3f09eac46c31fcb40198b3f63588de3,L14/L14_model_27/z_checks.csv,L14/L14_model_27/x_checks.csv,2744,2744
L14_model_28,14,4,2742,2742,2028141431,40a5fbdf99b40a03eb773b3693d07052272efc5e,L14/L14_model_28/z_checks.csv,L14/L14_model_28/x_checks.csv,2744,2744
L14_model_29,14,4,2742,2742,2028141432,b131d08ef9e3c4b52afeb7b0dd4b41e3d9070c78,L14/L14_model_29/z_checks.csv,L14/L14_model_29/x_checks.csv,2744,2744
L14_model_30,14,4,2742,2742,2028141435,e32ed21a3769c81dc2fb4a2b79f93ec0a989e1d7,L14/L14_model_30/z_checks.csv,L14/L14_model_30/x_checks.csv,2744,2744
L14_model_31,14,4,2742,2742,2028141436,a102691dce5668f71c0b739e6d834049eed4f89f,L14/L14_model_31/z_checks.csv,L14/L14_model_31/x_checks.csv,2744,2744
L14_model_32,14,4,2742,2742,2028141437,ae86c6c121641dde6d6d9fcf0547646dc4a47e28,L14/L14_model_32/z_checks.csv,L14/L14_model_32/x_checks.csv,2744,2744
L14_model_33,14,4,2742,2742,2028141438,0f146028bafe5985adf81572e43c9aeec0fe5f8d,L14/L14_model_33/z_checks.csv,L14/L14_model_33/x_checks.csv,2744,2744
L14_model_34,14,4,2742,2742,2028141439,92dc67585263eb555372aabe8eb8047d0cb9b6d1,L14/L14_model_34/z_checks.csv,L14/L14_model_34/x_checks.csv,2744,2744
L14_model_35,14,4,2742,2742,2028141441,1366c7d01afd690a54c2c1249aa56f6a09133379,L14/L14_model_35/z_checks.csv,L14/L14_model_35/x_checks.csv,2744,2744
L14_model_36,14,4,2742,2742,2028141442,eb33d0d1750c598d1765d6a4083808ce46f12ddd,L14/L14_model_36/z_checks.csv,L14/L14_model_36/x_checks.csv,2744,2744
L14_model_37,14,4,2742,2742,2028141443,96e2a966b0ddd38596bc0b8f2685ab72e809cad7,L14/L14_model_37/z_checks.csv,L14/L14_model_37/x_checks.csv,2744,2744
L14_model_38,14,4,2742,2742,2028141445,aa949c3f42a209414bb73d71dee9e4938011714e,L14/L14_model_38/z_checks.csv,L14/L14_model_38/x_checks.csv,2744,2744
L14_model_39,14,4,2742,2742,2028141446,a33bc6c1eefca3215db71d2301c079634547283a,L14/L14_model_39/z_checks.csv,L14/L14_model_39/x_checks.csv,2744,2744
L14_model_40,14,4,2742,2742,2028141447,49d93c7d4d9ec3e88637c5d48fef1035dcf4f738,L14/L14_model_40/z_checks.csv,L14/L14_model_40/x_checks.csv,2744,2744
L14_model_41,14,4,2742,2742,2028141448,ac2dbdb849a8ada29839d9f2228edd4846387a37,L14/L14_model_41/z_checks.csv,L14/L14_model_41/x_checks.csv,2744,2744
L14_model_42,14,4,2742,2742,2028141449,fedb58e0542e171190094e59da19b3cf01a274bf,L14/L14_model_42/z_checks.csv,L14/L14_model_42/x_checks.csv,2744,2744
L14_model_43,14,4,2742,2742,2028141451,e961c28e9f39e12b1a61097dc944ba4651af93d6,L14/L14_model_43/z_checks.csv,L14/L14_model_43/x_checks.csv,2744,2744
L14_model_44,14,4,2742,2742,2028141452,48b6dcafffd674ddfe7fea2a5ec71a8e39b30460,L14/L14_model_44/z_checks.csv,L14/L14_model_44/x_checks.csv,2744,2744
L14_model_45,14,4,2742,2742,2028141453,4b3ec548a912de393dd93cf63269328fe9b78a20,L14/L14_model_45/z_checks.csv,L14/L14_model_45/x_checks.csv,2744,2744
L14_model_46,14,4,2742,2742,2028141454,e72ea37ea61c0577b7befaa410ca945cbfc2894d,L14/L14_model_46/z_checks.csv,L14/L14_model_46/x_checks.csv,2744,2744
L14_model_47,14,4,2742,2742,2028141456,0017fb3153303be475801a6c80c2549ef235a838,L14/L14_model_47/z_checks.csv,L14/L14_model_47/x_checks.csv,2744,2744
L14_model_48,14,4,2742,2742,2028141457,11b779cd1520842097d1e8ff58b9d30a4414e766,L14/L14_model_48/z_checks.csv,L14/L14_model_48/x_checks.csv,2744,2744
L14_model_49,14,4,2742,2742,2028141458,56023bf635d9871f7cda63fe5f8a55f226e9f0bc,L14/L14_model_49/z_checks.csv,L14/L14_model_49/x_checks.csv,2744,2744
L14_model_50,14,4,2742,2742,2028141459,6d2fc607111d75965b26579df1742a4ae8b61179,L14/L14_model_50/z_checks.csv,L14/L14_model_50/x_checks.csv,2744,2744
L15_model_01,15,2,3374,3374,2026031506,727692e878d7010d176d3421def0dd95906752e6,L15/L15_model_01/z_checks.csv,L15/L15_model_01/x_checks.csv,3375,3375
L15_model_02,15,2,3374,3374,2026031509,db3302089c4ffba0285bae8631b380a55b8b5b2b,L15/L15_model_02/z_checks.csv,L15/L15_model_02/x_checks.csv,3375,3375
L15_model_03,15,2,3374,3374,2026031510,cc9b090c757277c30cca2d1c5a5d3b98322a22fe,L15/L15_model_03/z_checks.csv,L15/L15_model_03/x_checks.csv,3375,3375
L15_model_04,15,2,3374,3374,2026031511,c9b3c204337d754ade1e44f79edb288d3ccc57b0,L15/L15_model_04/z_checks.csv,L15/L15_model_04/x_checks.csv,3375,3375
L15_model_05,15,2,3374,3374,2026031512,e4a1cebdd73f7150f676c4844ce9946c9bc8c27d,L15/L15_model_05/z_checks.csv,L15/L15_model_05/x_checks.csv,3375,3375
L15_model_06,15,2,3374,3374,2026031515,e877621dcaa5b73cd6101334bfb4242401c1783b,L15/L15_model_06/z_checks.csv,L15/L15_model_06/x_checks.csv,3375,3375
L15_model_07,15,2,3374,3374,2026031517,015ec39a185bb5cf012d0cfb9b3ec478b99634d6,L15/L15_model_07/z_checks.csv,L15/L15_model_07/x_checks.csv,3375,3375
L15_model_08,15,2,3374,3374,2026031518,d6be1173dd431e2fba1f2ec4868ddf669b714d0b,L15/L15_model_08/z_checks.csv,L15/L15_model_08/x_checks.csv,3375,3375
L15_model_09,15,2,3374,3374,2026031520,9a71f0a7be23b8a3317442258319f19ed20fc3ee,L15/L15_model_09/z_checks.csv,L15/L15_model_09/x_checks.csv,3375,3375
L15_model_10,15,2,3374,3374,2026031521,49f0b4ce2820b6861cfcf59af25aa3d71a04996c,L15/L15_model_10/z_checks.csv,L15/L15_model_10/x_checks.csv,3375,3375
L15_model_11,15,2,3374,3374,2026031522,52884739dd084871b8e5ce34831441fe1345f5fc,L15/L15_model_11/z_checks.csv,L15/L15_model_11/x_checks.csv,3375,3375
L15_model_12,15,2,3374,3374,2026031523,85861cc79221cf43bd893ba9c1e98a589ecdafe3,L15/L15_model_12/z_checks.csv,L15/L15_model_12/x_checks.csv,3375,3375
L15_model_13,15,2,3374,3374,2026031524,4ad5d190e45ddfbcbf36ff08d14892a8c026a63b,L15/L15_model_13/z_checks.csv,L15/L15_model_13/x_checks.csv,3375,3375
L15_model_14,15,2,3374,3374,2026031525,592a38c1cdc085e92205436419dce8a4358ddbf2,L15/L15_model_14/z_checks.csv,L15/L15_model_14/x_checks.csv,3375,3375
L15_model_15,15,2,3374,3374,2026031526,d0c86c6d29d71f917b76a0cda075da7ceb6b0558,L15/L15_model_15/z_checks.csv,L15/L15_model_15/x_checks.csv,3375,3375
L15_model_16,15,2,3374,3374,2026031527,1db82ed6049553b91b97c851b0a7778efd1ad37c,L15/L15_model_16/z_checks.csv,L15/L15_model_16/x_checks.csv,3375,3375
L15_model_17,15,2,3374,3374,2026031528,f3c50c17569c1bfb70677978f8284c16a7fc2895,L15/L15_model_17/z_checks.csv,L15/L15_model_17/x_checks.csv,3375,3375
L15_model_18,15,2,3374,3374,2026031529,f5e2efbe0f042d84b48a8e7de78f00630908d421,L15/L15_model_18/z_checks.csv,L15/L15_model_18/x_checks.csv,3375,3375
L15_model_19,15,2,3374,3374,2029151500,813b1bcf81010ba5c8fef30296f7ac644f77e94f,L15/L15_model_19/z_checks.csv,L15/L15_model_19/x_checks.csv,3375,3375
L15_model_20,15,2,3374,3374,2029151501,9a1ab209ed6db534c06ea5932eadfc6e00603023,L15/L15_model_20/z_checks.csv,L15/L15_model_20/x_checks.csv,3375,3375
L16_model_01,16,4,4094,4094,2026031600,49d24ecbdd97334bedce9f8adbbdecc3b446b0ff,L16/L16_model_01/z_checks.csv,L16/L16_model_01/x_checks.csv,4096,4096
L16_model_02,16,4,4094,4094,2026031601,6cbad3baa2aec93bd32238b00849b7dd981f9367,L16/L16_model_02/z_checks.csv,L16/L16_model_02/x_checks.csv,4096,4096
L16_model_03,16,4,4094,4094,2026031603,4febe8420032c927ad5546a95526f7009f389e2b,L16/L16_model_03/z_checks.csv,L16/L16_model_03/x_checks.csv,4096,4096
L16_model_04,16,4,4094,4094,2026031605,c145d718157a77f553ee3c55da74cdeb870b6261,L16/L16_model_04/z_checks.csv,L16/L16_model_04/x_checks.csv,4096,4096
L16_model_05,16,4,4094,4094,2026031613,86773ae249aff9cba1449a061fae955d7690a5f9,L16/L16_model_05/z_checks.csv,L16/L16_model_05/x_checks.csv,4096,4096
L16_model_06,16,4,4094,4094,2026031614,089df80987532651a4e2e54389481360958d3c0a,L16/L16_model_06/z_checks.csv,L16/L16_model_06/x_checks.csv,4096,4096
L16_model_07,16,4,4094,4094,2026031615,5671aec18c64866d5d3689a9e737ef694b521342,L16/L16_model_07/z_checks.csv,L16/L16_model_07/x_checks.csv,4096,4096
L16_model_08,16,4,4094,4094,2026031619,287bc5b6af177d98ecb9c04c9c3c6cc0e774defc,L16/L16_model_08/z_checks.csv,L16/L16_model_08/x_checks.csv,4096,4096
L16_model_09,16,4,4094,4094,2026031620,be5f1c4c3ee5e412577edda8a4fd6c5befc4ba82,L16/L16_model_09/z_checks.csv,L16/L16_model_09/x_checks.csv,4096,4096
L16_model_10,16,4,4094,4094,2026031621,46993b3beb345c43cb8b718c64fbe85c717365c6,L16/L16_model_10/z_checks.csv,L16/L16_model_10/x_checks.csv,4096,4096
L16_model_11,16,4,4094,4094,2026031627,91e12de6b563e39cabed0d281345a06682584a1e,L16/L16_model_11/z_checks.csv,L16/L16_model_11/x_checks.csv,4096,4096
L16_model_12,16,4,4094,4094,2026031628,279f329b0685bdaa89588465cd468387ddb852b8,L16/L16_model_12/z_checks.csv,L16/L16_model_12/x_checks.csv,4096,4096
L16_model_13,16,4,4094,4094,2029161605,5ef50a029d1c5014c79466511b450b0613c2bc12,L16/L16_model_13/z_checks.csv,L16/L16_model_13/x_checks.csv,4096,4096
L16_model_14,16,4,4094,4094,2029161607,faa3d3aecfed88a290d5dbca25991e8f4d4b6216,L16/L16_model_14/z_checks.csv,L16/L16_model_14/x_checks.csv,4096,4096
L16_model_15,16,4,4094,4094,2029161609,8387b9a27245c82930b28490d295d7be08a6a326,L16/L16_model_15/z_checks.csv,L16/L16_model_15/x_checks.csv,4096,4096
L16_model_16,16,4,4094,4094,2029161611,39245357c0a4333922e4153fc320730d0f5cc501,L16/L16_model_16/z_checks.csv,L16/L16_model_16/x_checks.csv,4096,4096
L16_model_17,16,4,4094,4094,2029161615,2ef9da74f2402b5501c0a9e8b441b496bf9399d0,L16/L16_model_17/z_checks.csv,L16/L16_model_17/x_checks.csv,4096,4096
L16_model_18,16,4,4094,4094,2029161620,2dee1105e8813fd1e57c2ec8ae4f0e5c0d3f3dd1,L16/L16_model_18/z_checks.csv,L16/L16_model_18/x_checks.csv,4096,4096
L16_model_19,16,4,4094,4094,2029161622,fc2112a7abd70d984361052bb0afea5bf7da103f,L16/L16_model_19/z_checks.csv,L16/L16_model_19/x_checks.csv,4096,4096
L16_model_20,16,4,4094,4094,2029161624,8c81000d0be46177a96391026add70c2617d74db,L16/L16_model_20/z_checks.csv,L16/L16_model_20/x_checks.csv,4096,4096
L17_model_01,17,2,4912,4912,2026031702,fd306e40503cf7f7c2b9b593637a4316166f8739,L17/L17_model_01/z_checks.csv,L17/L17_model_01/x_checks.csv,4913,4913
L17_model_02,17,2,4912,4912,2026031703,7c1135e47a64ebf896012eb1d6b5f243eec09c28,L17/L17_model_02/z_checks.csv,L17/L17_model_02/x_checks.csv,4913,4913
L17_model_03,17,2,4912,4912,2026031704,f883691860ff9ff69fa5f14676581797568ed438,L17/L17_model_03/z_checks.csv,L17/L17_model_03/x_checks.csv,4913,4913
L17_model_04,17,2,4912,4912,2026031705,ba41e63150188904161256e33f3d9cd906f2af8c,L17/L17_model_04/z_checks.csv,L17/L17_model_04/x_checks.csv,4913,4913
L17_model_05,17,2,4912,4912,2026031707,d8e414fdc4ff96a9c7e4168a74cd4cb1dc06b964,L17/L17_model_05/z_checks.csv,L17/L17_model_05/x_checks.csv,4913,4913
L17_model_06,17,2,4912,4912,2026031708,ec2fcc35777fe451f7c3ebd42b6efd72f2b30ea3,L17/L17_model_06/z_checks.csv,L17/L17_model_06/x_checks.csv,4913,4913
L17_model_07,17,2,4912,4912,2026031709,2657f345a392421990966b67b2c871c36aeecfa4,L17/L17_model_07/z_checks.csv,L17/L17_model_07/x_checks.csv,4913,4913
L17_model_08,17,2,4912,4912,2026031710,6048d9506b946010e59e034bdf7aa581bd48f67d,L17/L17_model_08/z_checks.csv,L17/L17_model_08/x_checks.csv,4913,4913
L17_model_09,17,2,4912,4912,2026031712,4eec59cb5a6e2c991ea85ecd218a893b6912bc44,L17/L17_model_09/z_checks.csv,L17/L17_model_09/x_checks.csv,4913,4913
L17_model_10,17,2,4912,4912,2026031713,474defd0fdcda3477f8e535342144c0edad74c26,L17/L17_model_10/z_checks.csv,L17/L17_model_10/x_checks.csv,4913,4913
L17_model_11,17,2,4912,4912,2026031714,bab32f4c76a90914e1227eb48ea4a2f8d2cb9ab4,L17/L17_model_11/z_checks.csv,L17/L17_model_11/x_checks.csv,4913,4913
L17_model_12,17,2,4912,4912,2026031715,1ad71d39c5b60c1d6fb43aff17b10f69318c8948,L17/L17_model_12/z_checks.csv,L17/L17_model_12/x_checks.csv,4913,4913
L17_model_13,17,2,4912,4912,2026031716,813ca95e19b02bccd07f9dad0173546c6a65db16,L17/L17_model_13/z_checks.csv,L17/L17_model_13/x_checks.csv,4913,4913
L17_model_14,17,2,4912,4912,2026031717,649b88d740b950c890e054fab4d1b0283a4214a7,L17/L17_model_14/z_checks.csv,L17/L17_model_14/x_checks.csv,4913,4913
L17_model_15,17,2,4912,4912,2026031718,e3c82c6f10a0ba716448bf87cd784c3d7de7ca7e,L17/L17_model_15/z_checks.csv,L17/L17_model_15/x_checks.csv,4913,4913
L17_model_16,17,2,4912,4912,2026031719,dca4229e7c12621ea852a1ce334bc4065f5cc6ea,L17/L17_model_16/z_checks.csv,L17/L17_model_16/x_checks.csv,4913,4913
L17_model_17,17,2,4912,4912,2026031720,aa013634d2505512048946afff8472eedebc1e63,L17/L17_model_17/z_checks.csv,L17/L17_model_17/x_checks.csv,4913,4913
L17_model_18,17,2,4912,4912,2026031721,b8c3cabe7c12680dcaef5341623710108cf8eca7,L17/L17_model_18/z_checks.csv,L17/L17_model_18/x_checks.csv,4913,4913
L17_model_19,17,2,4912,4912,2026031722,55168248aa1979bdffbca8fd10aa294e5dba6374,L17/L17_model_19/z_checks.csv,L17/L17_model_19/x_checks.csv,4913,4913
L17_model_20,17,2,4912,4912,2026031723,4f71862cc9a1f7c121b5532695d7fda7028fc229,L17/L17_model_20/z_checks.csv,L17/L17_model_20/x_checks.csv,4913,4913
L18_model_01,18,4,5830,5830,2026031802,b79b76ea2e5dce45e06397345db1f91109ba64b3,L18/L18_model_01/z_checks.csv,L18/L18_model_01/x_checks.csv,5832,5832
L18_model_02,18,4,5830,5830,2026031804,32bbded15766c797b332c2a8052f5257a206d014,L18/L18_model_02/z_checks.csv,L18/L18_model_02/x_checks.csv,5832,5832
L18_model_03,18,4,5830,5830,2026031806,c4b3ccbacac5d1853d6e6f53004c31753aa0df2f,L18/L18_model_03/z_checks.csv,L18/L18_model_03/x_checks.csv,5832,5832
L18_model_04,18,4,5830,5830,2026031808,8ac91f34581df8e0477da2fe0c1376a80cff114d,L18/L18_model_04/z_checks.csv,L18/L18_model_04/x_checks.csv,5832,5832
L18_model_05,18,4,5830,5830,2026031813,f27c4760ea14d0a142db97774cddb57bcf8ad663,L18/L18_model_05/z_checks.csv,L18/L18_model_05/x_checks.csv,5832,5832
L18_model_06,18,4,5830,5830,2026031820,ef425310606ddb93c2b17925091c770478d2d46a,L18/L18_model_06/z_checks.csv,L18/L18_model_06/x_checks.csv,5832,5832
L18_model_07,18,4,5830,5830,2026031821,04d1afb9583811ca1349027380f7a0718415ec60,L18/L18_model_07/z_checks.csv,L18/L18_model_07/x_checks.csv,5832,5832
L18_model_08,18,4,5830,5830,2026031822,43dc46ca86547e302d7debf11a4f2c9af1c9b570,L18/L18_model_08/z_checks.csv,L18/L18_model_08/x_checks.csv,5832,5832
L18_model_09,18,4,5830,5830,2026031824,630e79a188be0e94b0efef1a945c5c68a40b6b32,L18/L18_model_09/z_checks.csv,L18/L18_model_09/x_checks.csv,5832,5832
L18_model_10,18,4,5830,5830,2026031826,5de2aeec5af37e8065ced49f589e5aef1e9c096b,L18/L18_model_10/z_checks.csv,L18/L18_model_10/x_checks.csv,5832,5832
L18_model_11,18,4,5830,5830,2026031831,ab786fa37d79069563f875ffa92f8912dd7c3bc0,L18/L18_model_11/z_checks.csv,L18/L18_model_11/x_checks.csv,5832,5832
L18_model_12,18,4,5830,5830,2026031832,56c84c9217e51fb128439359af07f2f6eb4ac290,L18/L18_model_12/z_checks.csv,L18/L18_model_12/x_checks.csv,5832,5832
L18_model_13,18,4,5830,5830,2026031835,ccadf0571656b02ffdb9e69ca0e007fb35065ba2,L18/L18_model_13/z_checks.csv,L18/L18_model_13/x_checks.csv,5832,5832
L18_model_14,18,4,5830,5830,2026031838,bb8e3aa8717a3b4823f545a396f6227a0062c1fb,L18/L18_model_14/z_checks.csv,L18/L18_model_14/x_checks.csv,5832,5832
L18_model_15,18,4,5830,5830,2026031839,8c689829c838262ec6034d8bc6f8dee20cf9ea45,L18/L18_model_15/z_checks.csv,L18/L18_model_15/x_checks.csv,5832,5832
L18_model_16,18,4,5830,5830,2029181800,60c243222198924f9dcf169edf797c499b074f0f,L18/L18_model_16/z_checks.csv,L18/L18_model_16/x_checks.csv,5832,5832
L18_model_17,18,4,5830,5830,2029181805,b4167a69a6415edc1e9bcc4d7aed7a7a35e00413,L18/L18_model_17/z_checks.csv,L18/L18_model_17/x_checks.csv,5832,5832
L18_model_18,18,4,5830,5830,2029181806,62f529b5b9c0aa90de48305523578b0561602095,L18/L18_model_18/z_checks.csv,L18/L18_model_18/x_checks.csv,5832,5832
L18_model_19,18,4,5830,5830,2029181807,3c5ee09bf0518b0cd3180b41ba841956ff6cf695,L18/L18_model_19/z_checks.csv,L18/L18_model_19/x_checks.csv,5832,5832
L18_model_20,18,4,5830,5830,2029181808,6fdc01b0764e4abdec38201efde4604f2f884778,L18/L18_model_20/z_checks.csv,L18/L18_model_20/x_checks.csv,5832,5832
L19_model_01,19,2,6858,6858,2026031914,66892565227e98458c1e1a007ea0850a6d66d96e,L19/L19_model_01/z_checks.csv,L19/L19_model_01/x_checks.csv,6859,6859
L19_model_02,19,2,6858,6858,2026031948,340dd1739829af78a407ef83455faa4e679dccc3,L19/L19_model_02/z_checks.csv,L19/L19_model_02/x_checks.csv,6859,6859
L19_model_03,19,2,6858,6858,2026031954,e2ee035e2c62d0384339931c12ae0635c3ef3d37,L19/L19_model_03/z_checks.csv,L19/L19_model_03/x_checks.csv,6859,6859
L19_model_04,19,2,6858,6858,2026031955,d47e3f8f47f6d92a0cce74606147ca938bf15142,L19/L19_model_04/z_checks.csv,L19/L19_model_04/x_checks.csv,6859,6859
L19_model_05,19,2,6858,6858,2026031958,f7c84853f31e7c0a2052f712b8f279ac7f8bf55e,L19/L19_model_05/z_checks.csv,L19/L19_model_05/x_checks.csv,6859,6859
L19_model_06,19,2,6858,6858,2026031959,f9d6e17fbb228f1e82ffb2b5409d04c588674bd3,L19/L19_model_06/z_checks.csv,L19/L19_model_06/x_checks.csv,6859,6859
L19_model_07,19,2,6858,6858,2026031960,6a65dad4fd4e919de81e15c025df14ddfa0c1486,L19/L19_model_07/z_checks.csv,L19/L19_model_07/x_checks.csv,6859,6859
L19_model_08,19,2,6858,6858,2026031961,31befc8d05faa4def9c50e8831aa6bdca3b36c31,L19/L19_model_08/z_checks.csv,L19/L19_model_08/x_checks.csv,6859,6859
L19_model_09,19,2,6858,6858,2026031962,8e7254dd4a75e54bda6304c5de7e09cea7e45552,L19/L19_model_09/z_checks.csv,L19/L19_model_09/x_checks.csv,6859,6859
L19_model_10,19,2,6858,6858,2026031963,e43f23c330f0da04709520eda566ad181b903c90,L19/L19_model_10/z_checks.csv,L19/L19_model_10/x_checks.csv,6859,6859
L19_model_11,19,2,6858,6858,2026031965,37960175126406c923174c36d6900b7aa9a92ab7,L19/L19_model_11/z_checks.csv,L19/L19_model_11/x_checks.csv,6859,6859
L19_model_12,19,2,6858,6858,2026031966,dfcd175ce79ab884ee7688991bf48e21e33868e3,L19/L19_model_12/z_checks.csv,L19/L19_model_12/x_checks.csv,6859,6859
L19_model_13,19,2,6858,6858,2026031968,e93fec9347bf1753481961f62ef3f1ed7f20e351,L19/L19_model_13/z_checks.csv,L19/L19_model_13/x_checks.csv,6859,6859
L19_model_14,19,2,6858,6858,2026031970,ce80189b28026dc417cec66f255c43223a51230f,L19/L19_model_14/z_checks.csv,L19/L19_model_14/x_checks.csv,6859,6859
L19_model_15,19,2,6858,6858,2026031971,9d3b3923fa3de410c643536cc608750734a1a480,L19/L19_model_15/z_checks.csv,L19/L19_model_15/x_checks.csv,6859,6859
L19_model_16,19,2,6858,6858,2026031973,4eccbae5d211a6dc4e81ae69348953476387b8f0,L19/L19_model_16/z_checks.csv,L19/L19_model_16/x_checks.csv,6859,6859
L19_model_17,19,2,6858,6858,2029191906,6d3ad89be1fbfa89e9443731ef94dcc6c70a9575,L19/L19_model_17/z_checks.csv,L19/L19_model_17/x_checks.csv,6859,6859
L19_model_18,19,2,6858,6858,2029191907,d4173bd0daf807ff74163b44e8b3f63cb3596978,L19/L19_model_18/z_checks.csv,L19/L19_model_18/x_checks.csv,6859,6859
L19_model_19,19,2,6858,6858,2029191910,5ab8d3da76cadc1c0a49765ed6a28b7f8d3294bd,L19/L19_model_19/z_checks.csv,L19/L19_model_19/x_checks.csv,6859,6859
L19_model_20,19,2,6858,6858,2029191913,b6e61944577882fd698812fd8360889a2b74d545,L19/L19_model_20/z_checks.csv,L19/L19_model_20/x_checks.csv,6859,6859
L20_model_01,20,4,7998,7998,2026032089,664b6d907795bcfc8e0e3b8796b05dd2549eb2d6,L20/L20_model_01/z_checks.csv,L20/L20_model_01/x_checks.csv,8000,8000
L20_model_02,20,4,7998,7998,2026032092,d6b765d3b91fb721cb9a2bda6638fce211c04568,L20/L20_model_02/z_checks.csv,L20/L20_model_02/x_checks.csv,8000,8000
L20_model_03,20,4,7998,7998,2030202128,46778b0830aa0e775ccc89e8e8213eafcb33b16d,L20/L20_model_03/z_checks.csv,L20/L20_model_03/x_checks.csv,8000,8000
L20_model_04,20,4,7998,7998,2030202134,9935a5977b7307ef667af0a0cf2ef07ee5015c30,L20/L20_model_04/z_checks.csv,L20/L20_model_04/x_checks.csv,8000,8000
L20_model_05,20,4,7998,7998,2030212008,547d3e5cadee6010e9220edd71229862e01686d1,L20/L20_model_05/z_checks.csv,L20/L20_model_05/x_checks.csv,8000,8000
L21_model_01,21,2,9260,9260,2030222343,8aa980e75a5ec5b634776d87e0bf1bca864f59db,L21/L21_model_01/z_checks.csv,L21/L21_model_01/x_checks.csv,9261,9261
L21_model_02,21,2,9260,9260,2030222347,b352f49db0c07423a300c8365eb816257e19ed29,L21/L21_model_02/z_checks.csv,L21/L21_model_02/x_checks.csv,9261,9261
L21_model_03,21,2,9260,9260,2030292891,4493d92c98abfe232dab9b7aafdbf83194042da1,L21/L21_model_03/z_checks.csv,L21/L21_model_03/x_checks.csv,9261,9261
L22_model_01,22,4,10646,10646,2031262272,452fb6aa661b703d5b8f148ebc7aa6e1be4797e6,L22/L22_model_01/z_checks.csv,L22/L22_model_01/x_checks.csv,10648,10648
L22_model_02,22,4,10646,10646,2031262273,91c902a99c4acaa781a2c594b235762c597110ba,L22/L22_model_02/z_checks.csv,L22/L22_model_02/x_checks.csv,10648,10648
L22_model_03,22,4,10646,10646,2031262276,11d39f52d521120bf143b082c28651047f05f1cb,L22/L22_model_03/z_checks.csv,L22/L22_model_03/x_checks.csv,10648,10648
L22_model_04,22,4,10646,10646,2031272210,41922408212f9f510fd316079b5ad1c4affc3de4,L22/L22_model_04/z_checks.csv,L22/L22_model_04/x_checks.csv,10648,10648
L22_model_05,22,4,10646,10646,2031272249,1398977ecc0ec88172646937e1c42da2f09ac495,L22/L22_model_05/z_checks.csv,L22/L22_model_05/x_checks.csv,10648,10648
L23_model_01,23,2,12166,12166,2031282390,5739d246fd792a7946ee9624a52c72d5240a9dd0,L23/L23_model_01/z_checks.csv,L23/L23_model_01/x_checks.csv,12167,12167
L23_model_02,23,2,12166,12166,2031282419,847ed7c9ad121fbb1a0e9085016e6b12c0f0e358,L23/L23_model_02/z_checks.csv,L23/L23_model_02/x_checks.csv,12167,12167
L23_model_03,23,2,12166,12166,2031282420,fe7d58f99d3f9db5494416ab25d4380460b51ba9,L23/L23_model_03/z_checks.csv,L23/L23_model_03/x_checks.csv,12167,12167
L23_model_04,23,2,12166,12166,2031292390,df7223628bd36f4bbf711bb7df2277c27d8138ee,L23/L23_model_04/z_checks.csv,L23/L23_model_04/x_checks.csv,12167,12167
L23_model_05,23,2,12166,12166,2031292391,59d2f90c90e81511b7a55f4f068e1217b0ce0ef6,L23/L23_model_05/z_checks.csv,L23/L23_model_05/x_checks.csv,12167,12167
L24_model_01,24,4,13822,13822,2026122715,d7f4988c19a731d0dc19ab3ac5375314f9f9173e,L24/L24_model_01/z_checks.csv,L24/L24_model_01/x_checks.csv,13824,13824
L25_model_01,25,2,15624,15624,2026032511,82e8fa290f8de0ac957929cd20a741906e703106,L25/L25_model_01/z_checks.csv,L25/L25_model_01/x_checks.csv,15625,15625
L25_model_02,25,2,15624,15624,2026032513,987cc6227f6be0aa1cc54dae8275656b60fb5cc6,L25/L25_model_02/z_checks.csv,L25/L25_model_02/x_checks.csv,15625,15625
L25_model_03,25,2,15624,15624,2026032514,4023590c476d5fe665af4e0e73ec44b3d2b8f59e,L25/L25_model_03/z_checks.csv,L25/L25_model_03/x_checks.csv,15625,15625
L25_model_04,25,2,15624,15624,2026032531,3cf5f86f595c2d7378071aeb173c127d31da1662,L25/L25_model_04/z_checks.csv,L25/L25_model_04/x_checks.csv,15625,15625
L25_model_05,25,2,15624,15624,2026052564,33be35ee345f55b21a66d201456a86fa1bd4f570,L25/L25_model_05/z_checks.csv,L25/L25_model_05/x_checks.csv,15625,15625
